<!DOCTYPE html PUBLIC "_//W3C//DTD HTML 4.0 Transitional//EN">
<html>
    <body>
        <h2>My Book</h2>
        <table border="1">
            <tr bgcolor="#9acd32">
                <th>ISBN-10</th><th>TITLE</th><th>AUTHOR</th><th>PUBLISHER</th><th>DATE</th><th>PRICE</th>
            </tr>
            <tr>
                <td>0470114878</td><td>Beginning XML, 4th Edition (Programmer to Programmer)</td><td>David Hunter, Jeff Rafter, Joe Fawcett, and Eric van Dist</td><td>Wrox</td><td>May 21, 2007</td><td>26.39</td>
            </tr>
            <tr>
                <td>0596007647</td><td>XML in a Nutshell, Third Edition</td><td>Elliotte Rusty Harold and W. Scott Means</td><td>O'Reilly Media, Inc.</td><td>September 2004</td><td>26.37</td>
            </tr>
            <tr>
                <td>0596004206</td><td>Learning XML, Second Edition</td><td>Erik Ray </td><td>O'Reilly Media, Inc.</td><td>September 22, 2003</td><td>26.37</td>
            </tr>
            <tr>
                <td>0130655678</td><td>Definitive XML Schema (The Charles F. Goldfarb Definitive XML Series)</td><td>Priscilla Walmsley</td><td>Prentice Hall PTR</td><td>December 17, 2001</td><td>33.38</td>
            </tr>
        </table>
    </body>
</html>
